Campaign,Campaign Type,Networks,Budget,Budget type,Bid Strategy Type,Maximum CPC bid limit,Campaign Status,Languages,Ad Group,Ad Group Status,Max CPC,Keyword,Criterion Type,Status,Ad type,Headline 1,Headline 2,Headline 3,Headline 4,Headline 5,Headline 6,Headline 7,Headline 8,Headline 9,Headline 10,Headline 11,Headline 12,Description 1,Description 2,Description 3,Description 4,Final URL,Path 1,Path 2
HD Search Sprint,Search,Google search,35.00,Daily,Maximize clicks,6.00,Paused,English,,,,,,,,,,,,,,,,,,,,,,,,,,
HD Search Sprint,,,,,,,,,,,,phone screen,Negative Phrase,,,,,,,,,,,,,,,,,,,,,
HD Search Sprint,,,,,,,,,,,,iphone,Negative Phrase,,,,,,,,,,,,,,,,,,,,,
HD Search Sprint,,,,,,,,,,,,samsung,Negative Phrase,,,,,,,,,,,,,,,,,,,,,
HD Search Sprint,,,,,,,,,,,,tv,Negative Phrase,,,,,,,,,,,,,,,,,,,,,
HD Search Sprint,,,,,,,,,,,,laptop,Negative Phrase,,,,,,,,,,,,,,,,,,,,,
HD Search Sprint,,,,,,,,,,,,monitor,Negative Phrase,,,,,,,,,,,,,,,,,,,,,
HD Search Sprint,,,,,,,,,,,,computer,Negative Phrase,,,,,,,,,,,,,,,,,,,,,
HD Search Sprint,,,,,,,,,,,,screen protector,Negative Phrase,,,,,,,,,,,,,,,,,,,,,
HD Search Sprint,,,,,,,,,,,,screen printing,Negative Phrase,,,,,,,,,,,,,,,,,,,,,
HD Search Sprint,,,,,,,,,,,,screen recorder,Negative Phrase,,,,,,,,,,,,,,,,,,,,,
HD Search Sprint,,,,,,,,,,,,screenshot,Negative Phrase,,,,,,,,,,,,,,,,,,,,,
HD Search Sprint,,,,,,,,,,,,diy,Negative Phrase,,,,,,,,,,,,,,,,,,,,,
HD Search Sprint,,,,,,,,,,,,how to,Negative Phrase,,,,,,,,,,,,,,,,,,,,,
HD Search Sprint,,,,,,,,,,,,job,Negative Phrase,,,,,,,,,,,,,,,,,,,,,
HD Search Sprint,,,,,,,,,,,,jobs,Negative Phrase,,,,,,,,,,,,,,,,,,,,,
HD Search Sprint,,,,,,,,,,,,hiring,Negative Phrase,,,,,,,,,,,,,,,,,,,,,
HD Search Sprint,,,,,,,,,,,,career,Negative Phrase,,,,,,,,,,,,,,,,,,,,,
HD Search Sprint,,,,,,,,,,,,salary,Negative Phrase,,,,,,,,,,,,,,,,,,,,,
HD Search Sprint,,,,,,,,,,,,supplies,Negative Phrase,,,,,,,,,,,,,,,,,,,,,
HD Search Sprint,,,,,,,,,,,,equipment for sale,Negative Phrase,,,,,,,,,,,,,,,,,,,,,
HD Search Sprint,,,,,,,,,,,,squeegee,Negative Phrase,,,,,,,,,,,,,,,,,,,,,
HD Search Sprint,,,,,,,,,,,,franchise,Negative Phrase,,,,,,,,,,,,,,,,,,,,,
HD Search Sprint,,,,,,,,,,,,car,Negative Phrase,,,,,,,,,,,,,,,,,,,,,
HD Search Sprint,,,,,,,,,,,,auto,Negative Phrase,,,,,,,,,,,,,,,,,,,,,
HD Search Sprint,,,,,,,,,,,,windshield,Negative Phrase,,,,,,,,,,,,,,,,,,,,,
HD Search Sprint,,,,,,,,,,,,tint,Negative Phrase,,,,,,,,,,,,,,,,,,,,,
HD Search Sprint,,,,,,,,,,,,window replacement,Negative Phrase,,,,,,,,,,,,,,,,,,,,,
HD Search Sprint,,,,,,,,,,,,window installation,Negative Phrase,,,,,,,,,,,,,,,,,,,,,
HD Search Sprint,,,,,,,,,,,,glass repair,Negative Phrase,,,,,,,,,,,,,,,,,,,,,
HD Search Sprint,,,,,,,,,,,,glass replacement,Negative Phrase,,,,,,,,,,,,,,,,,,,,,
HD Search Sprint,,,,,,,,,,,,solar installation,Negative Phrase,,,,,,,,,,,,,,,,,,,,,
HD Search Sprint,,,,,,,,,,,,solar installer,Negative Phrase,,,,,,,,,,,,,,,,,,,,,
HD Search Sprint,,,,,,,,,,,,solar panels for sale,Negative Phrase,,,,,,,,,,,,,,,,,,,,,
HD Search Sprint,,,,,,,,,,,,solar quote,Negative Phrase,,,,,,,,,,,,,,,,,,,,,
HD Search Sprint,,,,,,,,,,,,solar cost,Negative Phrase,,,,,,,,,,,,,,,,,,,,,
HD Search Sprint,,,,,,,,,,,,tesla,Negative Phrase,,,,,,,,,,,,,,,,,,,,,
HD Search Sprint,,,,,,,,,,,,pest control near me,Negative Phrase,,,,,,,,,,,,,,,,,,,,,
HD Search Sprint,,,,,,,,,,,,exterminator,Negative Phrase,,,,,,,,,,,,,,,,,,,,,
HD Search Sprint,,,,,,,,,,,,rat,Negative Phrase,,,,,,,,,,,,,,,,,,,,,
HD Search Sprint,,,,,,,,,,,,mice,Negative Phrase,,,,,,,,,,,,,,,,,,,,,
HD Search Sprint,,,,,,,,,,,,termite,Negative Phrase,,,,,,,,,,,,,,,,,,,,,
HD Search Sprint,,,,,,,,,,,,bee,Negative Phrase,,,,,,,,,,,,,,,,,,,,,
HD Search Sprint,,,,,,,,,,,,wasp,Negative Phrase,,,,,,,,,,,,,,,,,,,,,
HD Search Sprint,,,,,,,,,,,,pigeon for sale,Negative Phrase,,,,,,,,,,,,,,,,,,,,,
HD Search Sprint,,,,,,,,,,,,pigeon racing,Negative Phrase,,,,,,,,,,,,,,,,,,,,,
HD Search Sprint,,,,,,,,,,,,pigeon food,Negative Phrase,,,,,,,,,,,,,,,,,,,,,
HD Search Sprint,,,,,,,,,,,,graffiti art,Negative Phrase,,,,,,,,,,,,,,,,,,,,,
HD Search Sprint,,,,,,,,,,,,graffiti font,Negative Phrase,,,,,,,,,,,,,,,,,,,,,
HD Search Sprint,,,,,,,,,,,,graffiti wallpaper,Negative Phrase,,,,,,,,,,,,,,,,,,,,,
HD Search Sprint,,,,,,,,,,,,banksy,Negative Phrase,,,,,,,,,,,,,,,,,,,,,
HD Search Sprint,,,,,,,,,,,,pressure washer rental,Negative Phrase,,,,,,,,,,,,,,,,,,,,,
HD Search Sprint,,,,,,,,,,,,pressure washer for sale,Negative Phrase,,,,,,,,,,,,,,,,,,,,,
HD Search Sprint,,,,,,,,,,,,solar panel cleaning kit,Negative Phrase,,,,,,,,,,,,,,,,,,,,,
HD Search Sprint,,,,,,,,,,,,solar panel cleaning brush,Negative Phrase,,,,,,,,,,,,,,,,,,,,,
HD Search Sprint,,,,,,,,,,,,pigeon spikes amazon,Negative Phrase,,,,,,,,,,,,,,,,,,,,,
HD Search Sprint,,,,,,,,,,,,screen repair kit,Negative Phrase,,,,,,,,,,,,,,,,,,,,,
HD Search Sprint,,,,,,,,,,,,home depot,Negative Phrase,,,,,,,,,,,,,,,,,,,,,
HD Search Sprint,,,,,,,,,,,,lowes,Negative Phrase,,,,,,,,,,,,,,,,,,,,,
HD Search Sprint,,,,,,,,,,,,los angeles,Negative Phrase,,,,,,,,,,,,,,,,,,,,,
HD Search Sprint,,,,,,,,,,,,orange county,Negative Phrase,,,,,,,,,,,,,,,,,,,,,
HD Search Sprint,,,,,,,,,,,,san diego,Negative Phrase,,,,,,,,,,,,,,,,,,,,,
HD Search Sprint,,,,,,,,,,,,las vegas,Negative Phrase,,,,,,,,,,,,,,,,,,,,,
IE Search Solar Pigeon,Search,Google search,15.00,Daily,Maximize clicks,6.00,Paused,English,,,,,,,,,,,,,,,,,,,,,,,,,,
IE Search Solar Pigeon,,,,,,,,,,,,phone screen,Negative Phrase,,,,,,,,,,,,,,,,,,,,,
IE Search Solar Pigeon,,,,,,,,,,,,iphone,Negative Phrase,,,,,,,,,,,,,,,,,,,,,
IE Search Solar Pigeon,,,,,,,,,,,,samsung,Negative Phrase,,,,,,,,,,,,,,,,,,,,,
IE Search Solar Pigeon,,,,,,,,,,,,tv,Negative Phrase,,,,,,,,,,,,,,,,,,,,,
IE Search Solar Pigeon,,,,,,,,,,,,laptop,Negative Phrase,,,,,,,,,,,,,,,,,,,,,
IE Search Solar Pigeon,,,,,,,,,,,,monitor,Negative Phrase,,,,,,,,,,,,,,,,,,,,,
IE Search Solar Pigeon,,,,,,,,,,,,computer,Negative Phrase,,,,,,,,,,,,,,,,,,,,,
IE Search Solar Pigeon,,,,,,,,,,,,screen protector,Negative Phrase,,,,,,,,,,,,,,,,,,,,,
IE Search Solar Pigeon,,,,,,,,,,,,screen printing,Negative Phrase,,,,,,,,,,,,,,,,,,,,,
IE Search Solar Pigeon,,,,,,,,,,,,screen recorder,Negative Phrase,,,,,,,,,,,,,,,,,,,,,
IE Search Solar Pigeon,,,,,,,,,,,,screenshot,Negative Phrase,,,,,,,,,,,,,,,,,,,,,
IE Search Solar Pigeon,,,,,,,,,,,,diy,Negative Phrase,,,,,,,,,,,,,,,,,,,,,
IE Search Solar Pigeon,,,,,,,,,,,,how to,Negative Phrase,,,,,,,,,,,,,,,,,,,,,
IE Search Solar Pigeon,,,,,,,,,,,,job,Negative Phrase,,,,,,,,,,,,,,,,,,,,,
IE Search Solar Pigeon,,,,,,,,,,,,jobs,Negative Phrase,,,,,,,,,,,,,,,,,,,,,
IE Search Solar Pigeon,,,,,,,,,,,,hiring,Negative Phrase,,,,,,,,,,,,,,,,,,,,,
IE Search Solar Pigeon,,,,,,,,,,,,career,Negative Phrase,,,,,,,,,,,,,,,,,,,,,
IE Search Solar Pigeon,,,,,,,,,,,,salary,Negative Phrase,,,,,,,,,,,,,,,,,,,,,
IE Search Solar Pigeon,,,,,,,,,,,,supplies,Negative Phrase,,,,,,,,,,,,,,,,,,,,,
IE Search Solar Pigeon,,,,,,,,,,,,equipment for sale,Negative Phrase,,,,,,,,,,,,,,,,,,,,,
IE Search Solar Pigeon,,,,,,,,,,,,squeegee,Negative Phrase,,,,,,,,,,,,,,,,,,,,,
IE Search Solar Pigeon,,,,,,,,,,,,franchise,Negative Phrase,,,,,,,,,,,,,,,,,,,,,
IE Search Solar Pigeon,,,,,,,,,,,,car,Negative Phrase,,,,,,,,,,,,,,,,,,,,,
IE Search Solar Pigeon,,,,,,,,,,,,auto,Negative Phrase,,,,,,,,,,,,,,,,,,,,,
IE Search Solar Pigeon,,,,,,,,,,,,windshield,Negative Phrase,,,,,,,,,,,,,,,,,,,,,
IE Search Solar Pigeon,,,,,,,,,,,,tint,Negative Phrase,,,,,,,,,,,,,,,,,,,,,
IE Search Solar Pigeon,,,,,,,,,,,,window replacement,Negative Phrase,,,,,,,,,,,,,,,,,,,,,
IE Search Solar Pigeon,,,,,,,,,,,,window installation,Negative Phrase,,,,,,,,,,,,,,,,,,,,,
IE Search Solar Pigeon,,,,,,,,,,,,glass repair,Negative Phrase,,,,,,,,,,,,,,,,,,,,,
IE Search Solar Pigeon,,,,,,,,,,,,glass replacement,Negative Phrase,,,,,,,,,,,,,,,,,,,,,
IE Search Solar Pigeon,,,,,,,,,,,,solar installation,Negative Phrase,,,,,,,,,,,,,,,,,,,,,
IE Search Solar Pigeon,,,,,,,,,,,,solar installer,Negative Phrase,,,,,,,,,,,,,,,,,,,,,
IE Search Solar Pigeon,,,,,,,,,,,,solar panels for sale,Negative Phrase,,,,,,,,,,,,,,,,,,,,,
IE Search Solar Pigeon,,,,,,,,,,,,solar quote,Negative Phrase,,,,,,,,,,,,,,,,,,,,,
IE Search Solar Pigeon,,,,,,,,,,,,solar cost,Negative Phrase,,,,,,,,,,,,,,,,,,,,,
IE Search Solar Pigeon,,,,,,,,,,,,tesla,Negative Phrase,,,,,,,,,,,,,,,,,,,,,
IE Search Solar Pigeon,,,,,,,,,,,,pest control near me,Negative Phrase,,,,,,,,,,,,,,,,,,,,,
IE Search Solar Pigeon,,,,,,,,,,,,exterminator,Negative Phrase,,,,,,,,,,,,,,,,,,,,,
IE Search Solar Pigeon,,,,,,,,,,,,rat,Negative Phrase,,,,,,,,,,,,,,,,,,,,,
IE Search Solar Pigeon,,,,,,,,,,,,mice,Negative Phrase,,,,,,,,,,,,,,,,,,,,,
IE Search Solar Pigeon,,,,,,,,,,,,termite,Negative Phrase,,,,,,,,,,,,,,,,,,,,,
IE Search Solar Pigeon,,,,,,,,,,,,bee,Negative Phrase,,,,,,,,,,,,,,,,,,,,,
IE Search Solar Pigeon,,,,,,,,,,,,wasp,Negative Phrase,,,,,,,,,,,,,,,,,,,,,
IE Search Solar Pigeon,,,,,,,,,,,,pigeon for sale,Negative Phrase,,,,,,,,,,,,,,,,,,,,,
IE Search Solar Pigeon,,,,,,,,,,,,pigeon racing,Negative Phrase,,,,,,,,,,,,,,,,,,,,,
IE Search Solar Pigeon,,,,,,,,,,,,pigeon food,Negative Phrase,,,,,,,,,,,,,,,,,,,,,
IE Search Solar Pigeon,,,,,,,,,,,,graffiti art,Negative Phrase,,,,,,,,,,,,,,,,,,,,,
IE Search Solar Pigeon,,,,,,,,,,,,graffiti font,Negative Phrase,,,,,,,,,,,,,,,,,,,,,
IE Search Solar Pigeon,,,,,,,,,,,,graffiti wallpaper,Negative Phrase,,,,,,,,,,,,,,,,,,,,,
IE Search Solar Pigeon,,,,,,,,,,,,banksy,Negative Phrase,,,,,,,,,,,,,,,,,,,,,
IE Search Solar Pigeon,,,,,,,,,,,,pressure washer rental,Negative Phrase,,,,,,,,,,,,,,,,,,,,,
IE Search Solar Pigeon,,,,,,,,,,,,pressure washer for sale,Negative Phrase,,,,,,,,,,,,,,,,,,,,,
IE Search Solar Pigeon,,,,,,,,,,,,solar panel cleaning kit,Negative Phrase,,,,,,,,,,,,,,,,,,,,,
IE Search Solar Pigeon,,,,,,,,,,,,solar panel cleaning brush,Negative Phrase,,,,,,,,,,,,,,,,,,,,,
IE Search Solar Pigeon,,,,,,,,,,,,pigeon spikes amazon,Negative Phrase,,,,,,,,,,,,,,,,,,,,,
IE Search Solar Pigeon,,,,,,,,,,,,screen repair kit,Negative Phrase,,,,,,,,,,,,,,,,,,,,,
IE Search Solar Pigeon,,,,,,,,,,,,home depot,Negative Phrase,,,,,,,,,,,,,,,,,,,,,
IE Search Solar Pigeon,,,,,,,,,,,,lowes,Negative Phrase,,,,,,,,,,,,,,,,,,,,,
IE Search Solar Pigeon,,,,,,,,,,,,los angeles,Negative Phrase,,,,,,,,,,,,,,,,,,,,,
IE Search Solar Pigeon,,,,,,,,,,,,orange county,Negative Phrase,,,,,,,,,,,,,,,,,,,,,
IE Search Solar Pigeon,,,,,,,,,,,,san diego,Negative Phrase,,,,,,,,,,,,,,,,,,,,,
IE Search Solar Pigeon,,,,,,,,,,,,las vegas,Negative Phrase,,,,,,,,,,,,,,,,,,,,,
HD Search Sprint,,,,,,,,,Window Cleaning,Enabled,5.00,,,,,,,,,,,,,,,,,,,,,,,
HD Search Sprint,,,,,,,,,Window Cleaning,,,window cleaning,Phrase,Enabled,,,,,,,,,,,,,,,,,,https://twindowclean.com/window-cleaning.html?utm_source=google&utm_medium=cpc&utm_campaign=hd-sprint&utm_content=windows,,
HD Search Sprint,,,,,,,,,Window Cleaning,,,window cleaners near me,Phrase,Enabled,,,,,,,,,,,,,,,,,,https://twindowclean.com/window-cleaning.html?utm_source=google&utm_medium=cpc&utm_campaign=hd-sprint&utm_content=windows,,
HD Search Sprint,,,,,,,,,Window Cleaning,,,window cleaning near me,Phrase,Enabled,,,,,,,,,,,,,,,,,,https://twindowclean.com/window-cleaning.html?utm_source=google&utm_medium=cpc&utm_campaign=hd-sprint&utm_content=windows,,
HD Search Sprint,,,,,,,,,Window Cleaning,,,window washer near me,Phrase,Enabled,,,,,,,,,,,,,,,,,,https://twindowclean.com/window-cleaning.html?utm_source=google&utm_medium=cpc&utm_campaign=hd-sprint&utm_content=windows,,
HD Search Sprint,,,,,,,,,Window Cleaning,,,window washing,Phrase,Enabled,,,,,,,,,,,,,,,,,,https://twindowclean.com/window-cleaning.html?utm_source=google&utm_medium=cpc&utm_campaign=hd-sprint&utm_content=windows,,
HD Search Sprint,,,,,,,,,Window Cleaning,,,window washing service,Phrase,Enabled,,,,,,,,,,,,,,,,,,https://twindowclean.com/window-cleaning.html?utm_source=google&utm_medium=cpc&utm_campaign=hd-sprint&utm_content=windows,,
HD Search Sprint,,,,,,,,,Window Cleaning,,,residential window cleaning,Phrase,Enabled,,,,,,,,,,,,,,,,,,https://twindowclean.com/window-cleaning.html?utm_source=google&utm_medium=cpc&utm_campaign=hd-sprint&utm_content=windows,,
HD Search Sprint,,,,,,,,,Window Cleaning,,,window cleaning cost,Phrase,Enabled,,,,,,,,,,,,,,,,,,https://twindowclean.com/window-cleaning.html?utm_source=google&utm_medium=cpc&utm_campaign=hd-sprint&utm_content=windows,,
HD Search Sprint,,,,,,,,,Window Cleaning,,,window cleaning service near me,Phrase,Enabled,,,,,,,,,,,,,,,,,,https://twindowclean.com/window-cleaning.html?utm_source=google&utm_medium=cpc&utm_campaign=hd-sprint&utm_content=windows,,
HD Search Sprint,,,,,,,,,Window Cleaning,,,window cleaning hesperia,Exact,Enabled,,,,,,,,,,,,,,,,,,https://twindowclean.com/window-cleaning.html?utm_source=google&utm_medium=cpc&utm_campaign=hd-sprint&utm_content=windows,,
HD Search Sprint,,,,,,,,,Window Cleaning,,,window cleaning victorville,Exact,Enabled,,,,,,,,,,,,,,,,,,https://twindowclean.com/window-cleaning.html?utm_source=google&utm_medium=cpc&utm_campaign=hd-sprint&utm_content=windows,,
HD Search Sprint,,,,,,,,,Window Cleaning,,,window cleaning apple valley,Exact,Enabled,,,,,,,,,,,,,,,,,,https://twindowclean.com/window-cleaning.html?utm_source=google&utm_medium=cpc&utm_campaign=hd-sprint&utm_content=windows,,
HD Search Sprint,,,,,,,,,Window Cleaning,,,,,Enabled,Responsive search ad,Window Cleaning From $149,Screens & Tracks Included,"Hesperia Based, HD Wide",Rated 5.0 On Google,"Purified Water, No Spots",Text Us A Photo For A Price,Two Story From $249,Openings This Week,Hard Water? Free Test Pane,"Free Quote, Firm Price",Owner On Every Job,Victorville & Apple Valley,"Exterior window cleaning from $149 with screens, tracks and sills included. Firm price.",Locally owned in Hesperia. 5.0 from 25 Google reviews. Two story from $249. Same week.,Cloudy band on your glass? That is hard water. We test one pane free before quoting.,"Free quote, firm price in writing before we start. Openings this week in the High Desert.",https://twindowclean.com/window-cleaning.html?utm_source=google&utm_medium=cpc&utm_campaign=hd-sprint&utm_content=windows,window,high-desert
HD Search Sprint,,,,,,,,,Solar Panel Cleaning,Enabled,5.00,,,,,,,,,,,,,,,,,,,,,,,
HD Search Sprint,,,,,,,,,Solar Panel Cleaning,,,solar panel cleaning,Phrase,Enabled,,,,,,,,,,,,,,,,,,https://twindowclean.com/solar-panel-cleaning.html?utm_source=google&utm_medium=cpc&utm_campaign=hd-sprint&utm_content=solar,,
HD Search Sprint,,,,,,,,,Solar Panel Cleaning,,,solar panel cleaning near me,Phrase,Enabled,,,,,,,,,,,,,,,,,,https://twindowclean.com/solar-panel-cleaning.html?utm_source=google&utm_medium=cpc&utm_campaign=hd-sprint&utm_content=solar,,
HD Search Sprint,,,,,,,,,Solar Panel Cleaning,,,solar panel cleaning service,Phrase,Enabled,,,,,,,,,,,,,,,,,,https://twindowclean.com/solar-panel-cleaning.html?utm_source=google&utm_medium=cpc&utm_campaign=hd-sprint&utm_content=solar,,
HD Search Sprint,,,,,,,,,Solar Panel Cleaning,,,clean solar panels,Phrase,Enabled,,,,,,,,,,,,,,,,,,https://twindowclean.com/solar-panel-cleaning.html?utm_source=google&utm_medium=cpc&utm_campaign=hd-sprint&utm_content=solar,,
HD Search Sprint,,,,,,,,,Solar Panel Cleaning,,,solar cleaning,Phrase,Enabled,,,,,,,,,,,,,,,,,,https://twindowclean.com/solar-panel-cleaning.html?utm_source=google&utm_medium=cpc&utm_campaign=hd-sprint&utm_content=solar,,
HD Search Sprint,,,,,,,,,Solar Panel Cleaning,,,solar panel cleaners,Phrase,Enabled,,,,,,,,,,,,,,,,,,https://twindowclean.com/solar-panel-cleaning.html?utm_source=google&utm_medium=cpc&utm_campaign=hd-sprint&utm_content=solar,,
HD Search Sprint,,,,,,,,,Solar Panel Cleaning,,,solar panel cleaning cost,Phrase,Enabled,,,,,,,,,,,,,,,,,,https://twindowclean.com/solar-panel-cleaning.html?utm_source=google&utm_medium=cpc&utm_campaign=hd-sprint&utm_content=solar,,
HD Search Sprint,,,,,,,,,Solar Panel Cleaning,,,solar panel cleaning hesperia,Exact,Enabled,,,,,,,,,,,,,,,,,,https://twindowclean.com/solar-panel-cleaning.html?utm_source=google&utm_medium=cpc&utm_campaign=hd-sprint&utm_content=solar,,
HD Search Sprint,,,,,,,,,Solar Panel Cleaning,,,solar panel cleaning victorville,Exact,Enabled,,,,,,,,,,,,,,,,,,https://twindowclean.com/solar-panel-cleaning.html?utm_source=google&utm_medium=cpc&utm_campaign=hd-sprint&utm_content=solar,,
HD Search Sprint,,,,,,,,,Solar Panel Cleaning,,,solar panel cleaning apple valley,Exact,Enabled,,,,,,,,,,,,,,,,,,https://twindowclean.com/solar-panel-cleaning.html?utm_source=google&utm_medium=cpc&utm_campaign=hd-sprint&utm_content=solar,,
HD Search Sprint,,,,,,,,,Solar Panel Cleaning,,,,,Enabled,Responsive search ad,Solar Panel Cleaning From $7,"Per Panel, Purified Water",Free Array Inspection,Pigeon Check Included,Rated 5.0 On Google,"Hesperia, Victorville, AV",Same Week Appointments,Firm Price Before We Start,Openings This Week,Text Us A Photo For A Price,No Foot Traffic On Panels,20 Panels About $140 to $160,Purified water and a soft brush on a water fed pole. Dries spot free. From $7 per panel.,Free array inspection with every clean. We check for pigeon nesting while we are up there.,Locally owned in Hesperia. 5.0 from 25 Google reviews. A 20 panel home runs $140 to $160.,Firm price before we start. Openings this week. Free array inspection with every clean.,https://twindowclean.com/solar-panel-cleaning.html?utm_source=google&utm_medium=cpc&utm_campaign=hd-sprint&utm_content=solar,solar,high-desert
HD Search Sprint,,,,,,,,,Pigeon Proofing,Enabled,5.00,,,,,,,,,,,,,,,,,,,,,,,
HD Search Sprint,,,,,,,,,Pigeon Proofing,,,pigeon proofing,Phrase,Enabled,,,,,,,,,,,,,,,,,,https://twindowclean.com/pigeon-proofing.html?utm_source=google&utm_medium=cpc&utm_campaign=hd-sprint&utm_content=pigeons,,
HD Search Sprint,,,,,,,,,Pigeon Proofing,,,pigeon proofing solar panels,Phrase,Enabled,,,,,,,,,,,,,,,,,,https://twindowclean.com/pigeon-proofing.html?utm_source=google&utm_medium=cpc&utm_campaign=hd-sprint&utm_content=pigeons,,
HD Search Sprint,,,,,,,,,Pigeon Proofing,,,solar panel bird proofing,Phrase,Enabled,,,,,,,,,,,,,,,,,,https://twindowclean.com/pigeon-proofing.html?utm_source=google&utm_medium=cpc&utm_campaign=hd-sprint&utm_content=pigeons,,
HD Search Sprint,,,,,,,,,Pigeon Proofing,,,bird proofing solar panels,Phrase,Enabled,,,,,,,,,,,,,,,,,,https://twindowclean.com/pigeon-proofing.html?utm_source=google&utm_medium=cpc&utm_campaign=hd-sprint&utm_content=pigeons,,
HD Search Sprint,,,,,,,,,Pigeon Proofing,,,pigeons under solar panels,Phrase,Enabled,,,,,,,,,,,,,,,,,,https://twindowclean.com/pigeon-proofing.html?utm_source=google&utm_medium=cpc&utm_campaign=hd-sprint&utm_content=pigeons,,
HD Search Sprint,,,,,,,,,Pigeon Proofing,,,solar panel pigeon mesh,Phrase,Enabled,,,,,,,,,,,,,,,,,,https://twindowclean.com/pigeon-proofing.html?utm_source=google&utm_medium=cpc&utm_campaign=hd-sprint&utm_content=pigeons,,
HD Search Sprint,,,,,,,,,Pigeon Proofing,,,pigeon removal solar,Phrase,Enabled,,,,,,,,,,,,,,,,,,https://twindowclean.com/pigeon-proofing.html?utm_source=google&utm_medium=cpc&utm_campaign=hd-sprint&utm_content=pigeons,,
HD Search Sprint,,,,,,,,,Pigeon Proofing,,,pigeon proofing near me,Phrase,Enabled,,,,,,,,,,,,,,,,,,https://twindowclean.com/pigeon-proofing.html?utm_source=google&utm_medium=cpc&utm_campaign=hd-sprint&utm_content=pigeons,,
HD Search Sprint,,,,,,,,,Pigeon Proofing,,,pigeon removal,Phrase,Enabled,,,,,,,,,,,,,,,,,,https://twindowclean.com/pigeon-proofing.html?utm_source=google&utm_medium=cpc&utm_campaign=hd-sprint&utm_content=pigeons,,
HD Search Sprint,,,,,,,,,Pigeon Proofing,,,bird control solar panels,Phrase,Enabled,,,,,,,,,,,,,,,,,,https://twindowclean.com/pigeon-proofing.html?utm_source=google&utm_medium=cpc&utm_campaign=hd-sprint&utm_content=pigeons,,
HD Search Sprint,,,,,,,,,Pigeon Proofing,,,pigeon control,Phrase,Enabled,,,,,,,,,,,,,,,,,,https://twindowclean.com/pigeon-proofing.html?utm_source=google&utm_medium=cpc&utm_campaign=hd-sprint&utm_content=pigeons,,
HD Search Sprint,,,,,,,,,Pigeon Proofing,,,birds under solar panels,Phrase,Enabled,,,,,,,,,,,,,,,,,,https://twindowclean.com/pigeon-proofing.html?utm_source=google&utm_medium=cpc&utm_campaign=hd-sprint&utm_content=pigeons,,
HD Search Sprint,,,,,,,,,Pigeon Proofing,,,pigeon proofing hesperia,Exact,Enabled,,,,,,,,,,,,,,,,,,https://twindowclean.com/pigeon-proofing.html?utm_source=google&utm_medium=cpc&utm_campaign=hd-sprint&utm_content=pigeons,,
HD Search Sprint,,,,,,,,,Pigeon Proofing,,,pigeon proofing victorville,Exact,Enabled,,,,,,,,,,,,,,,,,,https://twindowclean.com/pigeon-proofing.html?utm_source=google&utm_medium=cpc&utm_campaign=hd-sprint&utm_content=pigeons,,
HD Search Sprint,,,,,,,,,Pigeon Proofing,,,pigeon proofing apple valley,Exact,Enabled,,,,,,,,,,,,,,,,,,https://twindowclean.com/pigeon-proofing.html?utm_source=google&utm_medium=cpc&utm_campaign=hd-sprint&utm_content=pigeons,,
HD Search Sprint,,,,,,,,,Pigeon Proofing,,,,,Enabled,Responsive search ad,Pigeon Proofing From $450,Two Year Warranty In Writing,"Clips, Never Bolts",Nests & Droppings Removed,Free Roof Inspection,Panel Warranty Stays Intact,Rated 5.0 On Google,Hesperia Based Crew,Solar Wash Included Now,Openings This Week,Free Inspection This Week,Done In One Day,"Full cleanout, rust resistant mesh clipped to the frame, sealed. Two year warranty.",Bolted mesh voids panel warranties and tears loose in wind. Ours is clipped. From $450.,"Free roof inspection, firm quote in writing, done in one day. Includes a solar panel wash.","Hesperia based, rated 5.0 on Google. Free roof inspection, firm quote in writing.",https://twindowclean.com/pigeon-proofing.html?utm_source=google&utm_medium=cpc&utm_campaign=hd-sprint&utm_content=pigeons,pigeon,high-desert
HD Search Sprint,,,,,,,,,Screen Repair,Enabled,5.00,,,,,,,,,,,,,,,,,,,,,,,
HD Search Sprint,,,,,,,,,Screen Repair,,,window screen repair,Phrase,Enabled,,,,,,,,,,,,,,,,,,https://twindowclean.com/screen-repair.html?utm_source=google&utm_medium=cpc&utm_campaign=hd-sprint&utm_content=screens,,
HD Search Sprint,,,,,,,,,Screen Repair,,,screen repair near me,Phrase,Enabled,,,,,,,,,,,,,,,,,,https://twindowclean.com/screen-repair.html?utm_source=google&utm_medium=cpc&utm_campaign=hd-sprint&utm_content=screens,,
HD Search Sprint,,,,,,,,,Screen Repair,,,window screen replacement,Phrase,Enabled,,,,,,,,,,,,,,,,,,https://twindowclean.com/screen-repair.html?utm_source=google&utm_medium=cpc&utm_campaign=hd-sprint&utm_content=screens,,
HD Search Sprint,,,,,,,,,Screen Repair,,,rescreen windows,Phrase,Enabled,,,,,,,,,,,,,,,,,,https://twindowclean.com/screen-repair.html?utm_source=google&utm_medium=cpc&utm_campaign=hd-sprint&utm_content=screens,,
HD Search Sprint,,,,,,,,,Screen Repair,,,rescreen,Phrase,Enabled,,,,,,,,,,,,,,,,,,https://twindowclean.com/screen-repair.html?utm_source=google&utm_medium=cpc&utm_campaign=hd-sprint&utm_content=screens,,
HD Search Sprint,,,,,,,,,Screen Repair,,,patio screen door repair,Phrase,Enabled,,,,,,,,,,,,,,,,,,https://twindowclean.com/screen-repair.html?utm_source=google&utm_medium=cpc&utm_campaign=hd-sprint&utm_content=screens,,
HD Search Sprint,,,,,,,,,Screen Repair,,,sliding screen door repair,Phrase,Enabled,,,,,,,,,,,,,,,,,,https://twindowclean.com/screen-repair.html?utm_source=google&utm_medium=cpc&utm_campaign=hd-sprint&utm_content=screens,,
HD Search Sprint,,,,,,,,,Screen Repair,,,screen door repair near me,Phrase,Enabled,,,,,,,,,,,,,,,,,,https://twindowclean.com/screen-repair.html?utm_source=google&utm_medium=cpc&utm_campaign=hd-sprint&utm_content=screens,,
HD Search Sprint,,,,,,,,,Screen Repair,,,window screen replacement near me,Phrase,Enabled,,,,,,,,,,,,,,,,,,https://twindowclean.com/screen-repair.html?utm_source=google&utm_medium=cpc&utm_campaign=hd-sprint&utm_content=screens,,
HD Search Sprint,,,,,,,,,Screen Repair,,,window screen repair hesperia,Exact,Enabled,,,,,,,,,,,,,,,,,,https://twindowclean.com/screen-repair.html?utm_source=google&utm_medium=cpc&utm_campaign=hd-sprint&utm_content=screens,,
HD Search Sprint,,,,,,,,,Screen Repair,,,window screen repair victorville,Exact,Enabled,,,,,,,,,,,,,,,,,,https://twindowclean.com/screen-repair.html?utm_source=google&utm_medium=cpc&utm_campaign=hd-sprint&utm_content=screens,,
HD Search Sprint,,,,,,,,,Screen Repair,,,,,Enabled,Responsive search ad,Screen Re-Mesh $64.99,"All Weather Mesh, On Site",Keep Your Frames,Done The Same Visit,Two Year Warranty,Patio Doors Too,Rated 5.0 On Google,"Hesperia, Victorville, AV",No Trip To A Shop,Openings This Week,"Text A Photo, Get A Price",$149 Job Minimum,"$64.99 a screen, all weather mesh. Keep your frames, we re-mesh on site. $149 minimum.",Sun rotted builder mesh replaced with mesh built for desert wind and sun. Sliders too.,Locally owned in Hesperia. 5.0 from 25 Google reviews. Same week appointments.,Send a photo of the worst one and we send a price the same day. Two year warranty.,https://twindowclean.com/screen-repair.html?utm_source=google&utm_medium=cpc&utm_campaign=hd-sprint&utm_content=screens,screen,high-desert
HD Search Sprint,,,,,,,,,Hard Water,Enabled,5.00,,,,,,,,,,,,,,,,,,,,,,,
HD Search Sprint,,,,,,,,,Hard Water,,,hard water stains on windows,Phrase,Enabled,,,,,,,,,,,,,,,,,,https://twindowclean.com/hard-water-removal.html?utm_source=google&utm_medium=cpc&utm_campaign=hd-sprint&utm_content=hardwater,,
HD Search Sprint,,,,,,,,,Hard Water,,,hard water stain removal glass,Phrase,Enabled,,,,,,,,,,,,,,,,,,https://twindowclean.com/hard-water-removal.html?utm_source=google&utm_medium=cpc&utm_campaign=hd-sprint&utm_content=hardwater,,
HD Search Sprint,,,,,,,,,Hard Water,,,remove hard water stains from windows,Phrase,Enabled,,,,,,,,,,,,,,,,,,https://twindowclean.com/hard-water-removal.html?utm_source=google&utm_medium=cpc&utm_campaign=hd-sprint&utm_content=hardwater,,
HD Search Sprint,,,,,,,,,Hard Water,,,window hard water spot removal,Phrase,Enabled,,,,,,,,,,,,,,,,,,https://twindowclean.com/hard-water-removal.html?utm_source=google&utm_medium=cpc&utm_campaign=hd-sprint&utm_content=hardwater,,
HD Search Sprint,,,,,,,,,Hard Water,,,hard water spots on windows,Phrase,Enabled,,,,,,,,,,,,,,,,,,https://twindowclean.com/hard-water-removal.html?utm_source=google&utm_medium=cpc&utm_campaign=hd-sprint&utm_content=hardwater,,
HD Search Sprint,,,,,,,,,Hard Water,,,,,Enabled,Responsive search ad,Hard Water Stain Removal,From $12 Per Pane,Free Test Pane First,"If Windex Failed, Call Us",Honest Call On Etched Glass,Rated 5.0 On Google,High Desert Glass Experts,Send A Photo Of The Pane,Openings This Week,Added To A $149 Clean,,,"The cloudy band on your windows is mineral, not dirt. We test one pane free, then restore.",Stage one comes off completely. Stage two we tell you before you pay. Hesperia based.,Text a photo of the worst pane and we tell you if it is stage one or two the same day.,,https://twindowclean.com/hard-water-removal.html?utm_source=google&utm_medium=cpc&utm_campaign=hd-sprint&utm_content=hardwater,hard,high-desert
HD Search Sprint,,,,,,,,,Commercial Window Cleaning,Enabled,5.00,,,,,,,,,,,,,,,,,,,,,,,
HD Search Sprint,,,,,,,,,Commercial Window Cleaning,,,commercial window cleaning,Phrase,Enabled,,,,,,,,,,,,,,,,,,https://twindowclean.com/commercial-window-cleaning.html?utm_source=google&utm_medium=cpc&utm_campaign=hd-sprint&utm_content=commercial,,
HD Search Sprint,,,,,,,,,Commercial Window Cleaning,,,storefront window cleaning,Phrase,Enabled,,,,,,,,,,,,,,,,,,https://twindowclean.com/commercial-window-cleaning.html?utm_source=google&utm_medium=cpc&utm_campaign=hd-sprint&utm_content=commercial,,
HD Search Sprint,,,,,,,,,Commercial Window Cleaning,,,office window cleaning,Phrase,Enabled,,,,,,,,,,,,,,,,,,https://twindowclean.com/commercial-window-cleaning.html?utm_source=google&utm_medium=cpc&utm_campaign=hd-sprint&utm_content=commercial,,
HD Search Sprint,,,,,,,,,Commercial Window Cleaning,,,business window cleaning,Phrase,Enabled,,,,,,,,,,,,,,,,,,https://twindowclean.com/commercial-window-cleaning.html?utm_source=google&utm_medium=cpc&utm_campaign=hd-sprint&utm_content=commercial,,
HD Search Sprint,,,,,,,,,Commercial Window Cleaning,,,storefront window cleaning near me,Phrase,Enabled,,,,,,,,,,,,,,,,,,https://twindowclean.com/commercial-window-cleaning.html?utm_source=google&utm_medium=cpc&utm_campaign=hd-sprint&utm_content=commercial,,
HD Search Sprint,,,,,,,,,Commercial Window Cleaning,,,commercial window cleaning near me,Phrase,Enabled,,,,,,,,,,,,,,,,,,https://twindowclean.com/commercial-window-cleaning.html?utm_source=google&utm_medium=cpc&utm_campaign=hd-sprint&utm_content=commercial,,
HD Search Sprint,,,,,,,,,Commercial Window Cleaning,,,commercial window cleaning victorville,Exact,Enabled,,,,,,,,,,,,,,,,,,https://twindowclean.com/commercial-window-cleaning.html?utm_source=google&utm_medium=cpc&utm_campaign=hd-sprint&utm_content=commercial,,
HD Search Sprint,,,,,,,,,Commercial Window Cleaning,,,commercial window cleaning hesperia,Exact,Enabled,,,,,,,,,,,,,,,,,,https://twindowclean.com/commercial-window-cleaning.html?utm_source=google&utm_medium=cpc&utm_campaign=hd-sprint&utm_content=commercial,,
HD Search Sprint,,,,,,,,,Commercial Window Cleaning,,,commercial window cleaning apple valley,Exact,Enabled,,,,,,,,,,,,,,,,,,https://twindowclean.com/commercial-window-cleaning.html?utm_source=google&utm_medium=cpc&utm_campaign=hd-sprint&utm_content=commercial,,
HD Search Sprint,,,,,,,,,Commercial Window Cleaning,,,,,Enabled,Responsive search ad,Storefront Glass From $89,"Per Visit, After Hours",One Invoice A Month,"Month To Month, No Contract","Weekly $69, Biweekly $79","Insured, COI On Request","Victorville, Hesperia, AV",Free Walkthrough This Week,Medical & Dental Suites,"Free Walkthrough, Firm Price",Same Crew Every Visit,Graffiti & Adhesive Too,"Storefront glass inside and out from $89 a visit, worked after close. One invoice a month.","Barbershops, restaurants, medical suites, property managers. Same crew every visit.","Free walkthrough, firm per visit price. Weekly $69, biweekly $79, monthly $89.","Certificate of insurance on request. Month to month, seven days notice, no fee.",https://twindowclean.com/commercial-window-cleaning.html?utm_source=google&utm_medium=cpc&utm_campaign=hd-sprint&utm_content=commercial,commercial,high-desert
HD Search Sprint,,,,,,,,,Graffiti Removal,Enabled,5.00,,,,,,,,,,,,,,,,,,,,,,,
HD Search Sprint,,,,,,,,,Graffiti Removal,,,graffiti removal,Phrase,Enabled,,,,,,,,,,,,,,,,,,https://twindowclean.com/graffiti-removal.html?utm_source=google&utm_medium=cpc&utm_campaign=hd-sprint&utm_content=graffiti,,
HD Search Sprint,,,,,,,,,Graffiti Removal,,,graffiti removal near me,Phrase,Enabled,,,,,,,,,,,,,,,,,,https://twindowclean.com/graffiti-removal.html?utm_source=google&utm_medium=cpc&utm_campaign=hd-sprint&utm_content=graffiti,,
HD Search Sprint,,,,,,,,,Graffiti Removal,,,graffiti removal service,Phrase,Enabled,,,,,,,,,,,,,,,,,,https://twindowclean.com/graffiti-removal.html?utm_source=google&utm_medium=cpc&utm_campaign=hd-sprint&utm_content=graffiti,,
HD Search Sprint,,,,,,,,,Graffiti Removal,,,remove graffiti from glass,Phrase,Enabled,,,,,,,,,,,,,,,,,,https://twindowclean.com/graffiti-removal.html?utm_source=google&utm_medium=cpc&utm_campaign=hd-sprint&utm_content=graffiti,,
HD Search Sprint,,,,,,,,,Graffiti Removal,,,window decal removal,Phrase,Enabled,,,,,,,,,,,,,,,,,,https://twindowclean.com/graffiti-removal.html?utm_source=google&utm_medium=cpc&utm_campaign=hd-sprint&utm_content=graffiti,,
HD Search Sprint,,,,,,,,,Graffiti Removal,,,vinyl lettering removal,Phrase,Enabled,,,,,,,,,,,,,,,,,,https://twindowclean.com/graffiti-removal.html?utm_source=google&utm_medium=cpc&utm_campaign=hd-sprint&utm_content=graffiti,,
HD Search Sprint,,,,,,,,,Graffiti Removal,,,graffiti removal victorville,Exact,Enabled,,,,,,,,,,,,,,,,,,https://twindowclean.com/graffiti-removal.html?utm_source=google&utm_medium=cpc&utm_campaign=hd-sprint&utm_content=graffiti,,
HD Search Sprint,,,,,,,,,Graffiti Removal,,,,,Enabled,Responsive search ad,Graffiti Removal From $129,Usually Same Day,Painted Or Etched? We Check,Photos For The City,Old Vinyl & Decals Off,Storefront Glass & Frames,"Victorville, Hesperia, AV",Send A Photo Of The Tag,Ten Minutes From Old Town,Documented Before & After,,,"Tags off storefront glass, frames and signage, usually same day. From $129.",We tell you if it is painted or etched before we start. Dated photos for the city.,Old signage adhesive and vinyl lettering removed with a staged solvent process. From $129.,Text a photo of the tag and we reply with a time and a price. Usually same day.,https://twindowclean.com/graffiti-removal.html?utm_source=google&utm_medium=cpc&utm_campaign=hd-sprint&utm_content=graffiti,graffiti,high-desert
IE Search Solar Pigeon,,,,,,,,,Solar Panel Cleaning IE,Enabled,5.00,,,,,,,,,,,,,,,,,,,,,,,
IE Search Solar Pigeon,,,,,,,,,Solar Panel Cleaning IE,,,solar panel cleaning,Phrase,Enabled,,,,,,,,,,,,,,,,,,https://twindowclean.com/solar-panel-cleaning.html?utm_source=google&utm_medium=cpc&utm_campaign=ie-sprint&utm_content=solar-ie,,
IE Search Solar Pigeon,,,,,,,,,Solar Panel Cleaning IE,,,solar panel cleaning near me,Phrase,Enabled,,,,,,,,,,,,,,,,,,https://twindowclean.com/solar-panel-cleaning.html?utm_source=google&utm_medium=cpc&utm_campaign=ie-sprint&utm_content=solar-ie,,
IE Search Solar Pigeon,,,,,,,,,Solar Panel Cleaning IE,,,solar panel cleaning service,Phrase,Enabled,,,,,,,,,,,,,,,,,,https://twindowclean.com/solar-panel-cleaning.html?utm_source=google&utm_medium=cpc&utm_campaign=ie-sprint&utm_content=solar-ie,,
IE Search Solar Pigeon,,,,,,,,,Solar Panel Cleaning IE,,,clean solar panels,Phrase,Enabled,,,,,,,,,,,,,,,,,,https://twindowclean.com/solar-panel-cleaning.html?utm_source=google&utm_medium=cpc&utm_campaign=ie-sprint&utm_content=solar-ie,,
IE Search Solar Pigeon,,,,,,,,,Solar Panel Cleaning IE,,,solar cleaning,Phrase,Enabled,,,,,,,,,,,,,,,,,,https://twindowclean.com/solar-panel-cleaning.html?utm_source=google&utm_medium=cpc&utm_campaign=ie-sprint&utm_content=solar-ie,,
IE Search Solar Pigeon,,,,,,,,,Solar Panel Cleaning IE,,,solar panel cleaners,Phrase,Enabled,,,,,,,,,,,,,,,,,,https://twindowclean.com/solar-panel-cleaning.html?utm_source=google&utm_medium=cpc&utm_campaign=ie-sprint&utm_content=solar-ie,,
IE Search Solar Pigeon,,,,,,,,,Solar Panel Cleaning IE,,,solar panel cleaning fontana,Exact,Enabled,,,,,,,,,,,,,,,,,,https://twindowclean.com/solar-panel-cleaning.html?utm_source=google&utm_medium=cpc&utm_campaign=ie-sprint&utm_content=solar-ie,,
IE Search Solar Pigeon,,,,,,,,,Solar Panel Cleaning IE,,,solar panel cleaning rancho cucamonga,Exact,Enabled,,,,,,,,,,,,,,,,,,https://twindowclean.com/solar-panel-cleaning.html?utm_source=google&utm_medium=cpc&utm_campaign=ie-sprint&utm_content=solar-ie,,
IE Search Solar Pigeon,,,,,,,,,Solar Panel Cleaning IE,,,solar panel cleaning ontario,Exact,Enabled,,,,,,,,,,,,,,,,,,https://twindowclean.com/solar-panel-cleaning.html?utm_source=google&utm_medium=cpc&utm_campaign=ie-sprint&utm_content=solar-ie,,
IE Search Solar Pigeon,,,,,,,,,Solar Panel Cleaning IE,,,,,Enabled,Responsive search ad,Solar Panel Cleaning From $7,"Per Panel, Purified Water",Free Array Inspection,Pigeon Check Included,Rated 5.0 On Google,Fontana & Rancho Cucamonga,"Inland Empire, Same Week",Firm Price Before We Start,Openings This Week,Text Us A Photo For A Price,No Foot Traffic On Panels,20 Panels About $140 to $160,Purified water and a soft brush on a water fed pole. Dries spot free. From $7 per panel.,Free array inspection with every clean. We check for pigeon nesting while we are up there.,Serving the Inland Empire on planned days. 5.0 from 25 Google reviews. Firm price first.,"Openings this week in Fontana, Rancho Cucamonga and Ontario. Firm price before we start.",https://twindowclean.com/solar-panel-cleaning.html?utm_source=google&utm_medium=cpc&utm_campaign=ie-sprint&utm_content=solar-ie,solar,inland-empire
IE Search Solar Pigeon,,,,,,,,,Pigeon Proofing IE,Enabled,5.00,,,,,,,,,,,,,,,,,,,,,,,
IE Search Solar Pigeon,,,,,,,,,Pigeon Proofing IE,,,pigeon proofing,Phrase,Enabled,,,,,,,,,,,,,,,,,,https://twindowclean.com/pigeon-proofing.html?utm_source=google&utm_medium=cpc&utm_campaign=ie-sprint&utm_content=pigeons-ie,,
IE Search Solar Pigeon,,,,,,,,,Pigeon Proofing IE,,,pigeon proofing solar panels,Phrase,Enabled,,,,,,,,,,,,,,,,,,https://twindowclean.com/pigeon-proofing.html?utm_source=google&utm_medium=cpc&utm_campaign=ie-sprint&utm_content=pigeons-ie,,
IE Search Solar Pigeon,,,,,,,,,Pigeon Proofing IE,,,solar panel bird proofing,Phrase,Enabled,,,,,,,,,,,,,,,,,,https://twindowclean.com/pigeon-proofing.html?utm_source=google&utm_medium=cpc&utm_campaign=ie-sprint&utm_content=pigeons-ie,,
IE Search Solar Pigeon,,,,,,,,,Pigeon Proofing IE,,,bird proofing solar panels,Phrase,Enabled,,,,,,,,,,,,,,,,,,https://twindowclean.com/pigeon-proofing.html?utm_source=google&utm_medium=cpc&utm_campaign=ie-sprint&utm_content=pigeons-ie,,
IE Search Solar Pigeon,,,,,,,,,Pigeon Proofing IE,,,pigeons under solar panels,Phrase,Enabled,,,,,,,,,,,,,,,,,,https://twindowclean.com/pigeon-proofing.html?utm_source=google&utm_medium=cpc&utm_campaign=ie-sprint&utm_content=pigeons-ie,,
IE Search Solar Pigeon,,,,,,,,,Pigeon Proofing IE,,,solar panel pigeon mesh,Phrase,Enabled,,,,,,,,,,,,,,,,,,https://twindowclean.com/pigeon-proofing.html?utm_source=google&utm_medium=cpc&utm_campaign=ie-sprint&utm_content=pigeons-ie,,
IE Search Solar Pigeon,,,,,,,,,Pigeon Proofing IE,,,pigeon removal solar,Phrase,Enabled,,,,,,,,,,,,,,,,,,https://twindowclean.com/pigeon-proofing.html?utm_source=google&utm_medium=cpc&utm_campaign=ie-sprint&utm_content=pigeons-ie,,
IE Search Solar Pigeon,,,,,,,,,Pigeon Proofing IE,,,pigeon proofing near me,Phrase,Enabled,,,,,,,,,,,,,,,,,,https://twindowclean.com/pigeon-proofing.html?utm_source=google&utm_medium=cpc&utm_campaign=ie-sprint&utm_content=pigeons-ie,,
IE Search Solar Pigeon,,,,,,,,,Pigeon Proofing IE,,,bird control solar panels,Phrase,Enabled,,,,,,,,,,,,,,,,,,https://twindowclean.com/pigeon-proofing.html?utm_source=google&utm_medium=cpc&utm_campaign=ie-sprint&utm_content=pigeons-ie,,
IE Search Solar Pigeon,,,,,,,,,Pigeon Proofing IE,,,pigeon proofing fontana,Exact,Enabled,,,,,,,,,,,,,,,,,,https://twindowclean.com/pigeon-proofing.html?utm_source=google&utm_medium=cpc&utm_campaign=ie-sprint&utm_content=pigeons-ie,,
IE Search Solar Pigeon,,,,,,,,,Pigeon Proofing IE,,,pigeon proofing rancho cucamonga,Exact,Enabled,,,,,,,,,,,,,,,,,,https://twindowclean.com/pigeon-proofing.html?utm_source=google&utm_medium=cpc&utm_campaign=ie-sprint&utm_content=pigeons-ie,,
IE Search Solar Pigeon,,,,,,,,,Pigeon Proofing IE,,,pigeon proofing san bernardino,Exact,Enabled,,,,,,,,,,,,,,,,,,https://twindowclean.com/pigeon-proofing.html?utm_source=google&utm_medium=cpc&utm_campaign=ie-sprint&utm_content=pigeons-ie,,
IE Search Solar Pigeon,,,,,,,,,Pigeon Proofing IE,,,,,Enabled,Responsive search ad,Pigeon Proofing From $450,Two Year Warranty In Writing,"Clips, Never Bolts",Nests & Droppings Removed,Free Roof Inspection,Panel Warranty Stays Intact,Rated 5.0 On Google,Fontana & Rancho Cucamonga,Solar Wash Included Now,Openings This Week,Free Inspection This Week,Done In One Day,"Full cleanout, rust resistant mesh clipped to the frame, sealed. Two year warranty.",Bolted mesh voids panel warranties and tears loose in wind. Ours is clipped. From $450.,"Free roof inspection, firm quote in writing, done in one day. Includes a solar panel wash.","Rated 5.0 on Google. Free roof inspection and a firm quote in writing, Inland Empire.",https://twindowclean.com/pigeon-proofing.html?utm_source=google&utm_medium=cpc&utm_campaign=ie-sprint&utm_content=pigeons-ie,pigeon,inland-empire
